{
  "bace": {
    "dataset": "bace",
    "r2_mean": 0.9940802821714075,
    "r2_std": 0.0003941140924383474,
    "mae_mean": 0.076081679303135,
    "mae_std": 0.0031917872629476174,
    "n_seeds": 3
  }
}