{
  "protocol": {
    "seed": 42,
    "split_strategy": "scaffold",
    "model_type": "transformer",
    "epochs": 4,
    "batch_size": 16,
    "samples": 64,
    "test_size": 0.25
  },
  "results": {
    "best_val_loss": 0.24554112553596497,
    "last_train_loss": 0.2436548670132955,
    "last_val_loss": 0.24554112553596497,
    "metrics": {
      "rmse": 0.4955210646743133,
      "mae": 0.42900550365448,
      "r2": -0.0410919189453125,
      "pearson_r": -0.16086904012718536
    }
  }
}